-- phpMyAdmin SQL Dump
-- version 5.1.0
-- https://www.phpmyadmin.net/
--
-- Host: localhost:8889
-- Generation Time: Dec 07, 2021 at 07:06 AM
-- Server version: 5.7.34
-- PHP Version: 7.4.21

SET SQL_MODE = "NO_AUTO_VALUE_ON_ZERO";
START TRANSACTION;
SET time_zone = "+00:00";


/*!40101 SET @OLD_CHARACTER_SET_CLIENT=@@CHARACTER_SET_CLIENT */;
/*!40101 SET @OLD_CHARACTER_SET_RESULTS=@@CHARACTER_SET_RESULTS */;
/*!40101 SET @OLD_COLLATION_CONNECTION=@@COLLATION_CONNECTION */;
/*!40101 SET NAMES utf8mb4 */;

--
-- Database: `bookmark`
--

--
-- Dumping data for table `author`
--

INSERT INTO `author` (`id`, `name`, `date_of_birth`) VALUES
(1, 'Mark P. O. Morford', NULL),
(2, 'Richard Bruce Wright', NULL),
(3, 'Carlo D\'Este', NULL),
(4, 'Gina Bari Kolata', NULL),
(5, 'E. J. W. Barber', NULL),
(6, 'Amy Tan', NULL),
(7, 'Robert Cowley', NULL),
(8, 'Scott Turow', NULL),
(9, 'David Cordingly', NULL),
(10, 'Ann Beattie', NULL),
(11, 'David Adams Richards', NULL),
(12, 'Adam Lebor', NULL),
(13, 'Sheila Heti', NULL),
(14, 'R. J. Kaiser', NULL),
(15, 'Jack Canfield', NULL),
(16, 'Loren D. Estleman', NULL),
(17, 'Robert Hendrickson', NULL),
(18, 'Julia Oliver', NULL),
(19, 'John Grisham', NULL),
(20, 'Toni Morrison', NULL),
(21, 'The Onion', NULL),
(22, 'Celia Brooks Brown', NULL),
(23, 'J. R. Parrish', NULL),
(24, 'Mary-Kate &amp; Ashley Olsen', NULL),
(25, 'Robynn Clairday', NULL),
(26, 'Kathleen Duey', NULL),
(27, 'Rich Shapero', NULL),
(28, 'Michael Crichton', NULL),
(29, 'C.S. Lewis', NULL),
(30, 'ARTHUR PHILLIPS', NULL),
(31, 'Stephan Jaramillo', NULL),
(32, 'Mordecai Richler', NULL),
(33, 'Eleanor Cooney', NULL),
(34, 'Charlotte Link', NULL),
(35, 'Richard North Patterson', NULL),
(36, 'Mark Salzman', NULL),
(37, 'Harper Lee', NULL),
(38, 'LAURA HILLENBRAND', NULL),
(39, 'Barbara Kingsolver', NULL),
(40, 'Jo Dereske', NULL),
(41, 'Jane Austen', NULL),
(42, 'Dolores Krieger', NULL),
(43, 'Anne Rivers Siddons', NULL),
(44, 'Dean R. Koontz', NULL),
(45, 'Mary Higgins Clark', NULL),
(46, 'Dean Koontz', NULL),
(47, 'Patricia Cornwell', NULL),
(48, 'J.D. Robb', NULL),
(49, 'Maeve Binchy', NULL),
(50, 'Laura J. Mixon', NULL),
(51, 'Tim Lahaye', NULL),
(52, 'M.D. Bernie S. Siegel', NULL),
(53, 'Robert Penn Warren', NULL),
(54, 'Hans Johannes Hoefer', NULL),
(55, 'Mark Helprin', NULL),
(56, 'O. Carol Simonton Md', NULL),
(57, 'Chuck Hill', NULL),
(58, 'David Iglehart', NULL),
(59, 'Larry McMurtry', NULL),
(60, 'SUZANNE FISHER STAPLES', NULL),
(61, 'Michel Tournier', NULL),
(62, 'Carl Sagan', NULL),
(63, 'Aleksandr Zinoviev', NULL),
(64, 'Anne Tyler', NULL),
(65, 'Joseph Conrad', NULL),
(66, 'Deepak Chopra', NULL),
(67, 'Thomas Hardy', NULL),
(68, 'Charles Noland', NULL),
(69, 'Valerie Frankel', NULL),
(70, 'Benjamin Hoff', NULL),
(71, 'Niccolo Machiavelli', NULL),
(72, 'H. Jackson Brown', NULL),
(73, 'Robert A. Heinlein', NULL),
(74, 'PHILIP PULLMAN', NULL),
(75, 'Anna Sewell', NULL),
(76, 'MICHAEL ONDAATJE', NULL),
(77, 'Sandra Levy Ceren', NULL),
(78, 'P.J. O\'Rourke', NULL),
(79, 'Mike Gayle', NULL),
(80, 'Stel Pavlou', NULL),
(81, 'Sarah Payne Stuart', NULL),
(82, 'Dan Quayle', NULL),
(83, 'Donald F. Kettl', NULL),
(84, 'DAVID FRUM', NULL),
(85, 'Louis Lamour', NULL),
(86, 'J.D. Salinger', NULL),
(87, 'J. R. R. Tolkien', NULL),
(88, 'John Berendt', NULL),
(89, 'Jennifer Crusie', NULL),
(90, 'Jane Heller', NULL),
(91, 'Michael Rips', NULL),
(92, 'Simon Mawer', NULL);

--
-- Dumping data for table `book`
--

INSERT INTO `book` (`isbn13`, `isbn11`, `series_name`, `book_name`, `date_published`, `pages`, `genre_id`, `language_id`, `series_position`) VALUES
('0002005018', NULL, NULL, 'Clara Callan', NULL, 0, NULL, NULL, NULL),
('0060168013', NULL, NULL, 'Pigs in Heaven', NULL, 0, NULL, NULL, NULL),
('0060177586', NULL, NULL, 'Standing Firm: A Vice-Presidential Memoir', NULL, 0, NULL, NULL, NULL),
('0060914068', NULL, NULL, 'Love, Medicine and Miracles', NULL, 0, NULL, NULL, NULL),
('0060938412', NULL, NULL, 'The Accidental Virgin', NULL, 0, NULL, NULL, NULL),
('0060973129', NULL, NULL, 'Decision in Normandy', NULL, 0, NULL, NULL, NULL),
('0061099686', NULL, NULL, 'Downtown', NULL, 0, NULL, NULL, NULL),
('0071416331', NULL, NULL, 'Team Bush : Leadership Lessons from the Bush White House', NULL, 0, NULL, NULL, NULL),
('0140067477', NULL, NULL, 'The Tao of Pooh', NULL, 0, NULL, NULL, NULL),
('0156047624', NULL, NULL, 'All the King\'s Men', NULL, 0, NULL, NULL, NULL),
('0195153448', NULL, NULL, 'Classical Mythology', NULL, 0, NULL, NULL, NULL),
('0245542957', NULL, NULL, 'Pacific Northwest', NULL, 0, NULL, NULL, NULL),
('0312252617', NULL, NULL, 'Fast Women', NULL, 0, NULL, NULL, NULL),
('0312261594', NULL, NULL, 'Female Intelligence', NULL, 0, NULL, NULL, NULL),
('0312970242', NULL, NULL, 'The Angel Is Near', NULL, 0, NULL, NULL, NULL),
('0316748641', NULL, NULL, 'Pasquale\'s Nose: Idle Days in an Italian Town', NULL, 0, NULL, NULL, NULL),
('0316769487', NULL, NULL, 'The Catcher in the Rye', NULL, 0, NULL, NULL, NULL),
('0316973742', NULL, NULL, 'The Gospel of Judas: A Novel', NULL, 0, NULL, NULL, NULL),
('0340767936', NULL, NULL, 'Turning Thirty', NULL, 0, NULL, NULL, NULL),
('0345402871', NULL, NULL, 'Airframe', NULL, 0, NULL, NULL, NULL),
('0345417623', NULL, NULL, 'Timeline', NULL, 0, NULL, NULL, NULL),
('0345465083', NULL, NULL, 'Seabiscuit', NULL, 0, NULL, NULL, NULL),
('0375406328', NULL, NULL, 'Lying Awake', NULL, 0, NULL, NULL, NULL),
('0375410538', NULL, NULL, 'Anil\'s Ghost', NULL, 0, NULL, NULL, NULL),
('0375509038', NULL, NULL, 'The Right Man : The Surprise Presidency of George W. Bush', NULL, 0, NULL, NULL, NULL),
('0375759778', NULL, NULL, 'Prague : A Novel', NULL, 0, NULL, NULL, NULL),
('0380715899', NULL, NULL, 'A Soldier of the Great War', NULL, 0, NULL, NULL, NULL),
('038078243X', NULL, NULL, 'Miss Zukas and the Raven\'s Dance', NULL, 0, NULL, NULL, NULL),
('0393045218', NULL, NULL, 'The Mummies of Urumchi', NULL, 0, NULL, NULL, NULL),
('0394743741', NULL, NULL, 'The yawning heights', NULL, 0, NULL, NULL, NULL),
('0394895894', NULL, 'Sally Lockhart Trilogy', 'The Ruby in the Smoke', NULL, 0, NULL, NULL, 1),
('0399135782', NULL, NULL, 'The Kitchen God\'s Wife', NULL, 0, NULL, NULL, NULL),
('042511774X', NULL, NULL, 'Breathing Lessons', NULL, 0, NULL, NULL, NULL),
('0425163091', NULL, NULL, 'Chocolate Jesus', NULL, 0, NULL, NULL, NULL),
('0425182908', NULL, NULL, 'Isle of Dogs', NULL, 0, NULL, NULL, NULL),
('042518630X', NULL, NULL, 'Purity in Death', NULL, 0, NULL, NULL, NULL),
('0439095026', NULL, NULL, 'Tell Me This Isn\'t Happening', NULL, 0, NULL, NULL, NULL),
('0440223571', NULL, NULL, 'This Year It Will Be Different: And Other Stories', NULL, 0, NULL, NULL, NULL),
('0440225701', NULL, NULL, 'The Street Lawyer', NULL, 0, NULL, NULL, NULL),
('0440234743', NULL, NULL, 'The Testament', NULL, 0, NULL, NULL, NULL),
('0441783589', NULL, NULL, 'Starship Troopers', NULL, 0, NULL, NULL, NULL),
('0446310786', NULL, NULL, 'To Kill a Mockingbird', NULL, 0, NULL, NULL, NULL),
('0449005615', NULL, NULL, 'Seabiscuit: An American Legend', NULL, 0, NULL, NULL, NULL),
('0451625889', NULL, NULL, 'The Prince', NULL, 0, NULL, NULL, NULL),
('0452264464', NULL, NULL, 'Beloved (Plume Contemporary Fiction)', NULL, 0, NULL, NULL, NULL),
('0553062042', NULL, NULL, 'Daybreakers Louis Lamour Collection', NULL, 0, NULL, NULL, NULL),
('055321215X', NULL, NULL, 'Pride and Prejudice', NULL, 0, NULL, NULL, NULL),
('0553280333', NULL, NULL, 'Getting Well Again', NULL, 0, NULL, NULL, NULL),
('0553582747', NULL, NULL, 'From the Corner of His Eye', NULL, 0, NULL, NULL, NULL),
('0553582909', NULL, NULL, 'Icebound', NULL, 0, NULL, NULL, NULL),
('0671623249', NULL, NULL, 'LONESOME DOVE', NULL, 0, NULL, NULL, NULL),
('067176537X', NULL, NULL, 'The Therapeutic Touch: How to Use Your Hands to Help or to Heal', NULL, 0, NULL, NULL, NULL),
('0671867156', NULL, NULL, 'Pretend You Don\'t See Her', NULL, 0, NULL, NULL, NULL),
('0671870432', NULL, NULL, 'PLEADING GUILTY', NULL, 0, NULL, NULL, NULL),
('0671888587', NULL, NULL, 'I\'ll Be Seeing You', NULL, 0, NULL, NULL, NULL),
('0679429220', NULL, NULL, 'Midnight in the Garden of Good and Evil: A Savannah Story', NULL, 0, NULL, NULL, NULL),
('0679810307', NULL, NULL, 'Shabanu: Daughter of the Wind (Border Trilogy)', NULL, 0, NULL, NULL, NULL),
('0679865691', NULL, NULL, 'Haveli (Laurel Leaf Books)', NULL, 0, NULL, NULL, NULL),
('0684823802', NULL, NULL, 'OUT OF THE SILENT PLANET', NULL, 0, NULL, NULL, NULL),
('0689821166', NULL, NULL, 'Flood : Mississippi 1927', NULL, 0, NULL, NULL, NULL),
('074322678X', NULL, NULL, 'Where You\'ll Find Me: And Other Stories', NULL, 0, NULL, NULL, NULL),
('0743403843', NULL, NULL, 'Decipher', NULL, 0, NULL, NULL, NULL),
('0771074670', NULL, NULL, 'Nights Below Station Street', NULL, 0, NULL, NULL, NULL),
('0804106304', NULL, NULL, 'The Joy Luck Club', NULL, 0, NULL, NULL, NULL),
('0812523873', NULL, NULL, 'Proxies', NULL, 0, NULL, NULL, NULL),
('0842342702', NULL, NULL, 'Left Behind: A Novel of the Earth\'s Last Days (Left Behind #1)', NULL, 0, NULL, NULL, NULL),
('087113375X', NULL, NULL, 'Modern Manners: An Etiquette Book for Rude People', NULL, 0, NULL, NULL, NULL),
('0887841740', NULL, NULL, 'The Middle Stories', NULL, 0, NULL, NULL, NULL),
('0961769947', NULL, NULL, 'Northwest Wines and Wineries', NULL, 0, NULL, NULL, NULL),
('0964778319', NULL, NULL, 'An Atmosphere of Eternity: Stories of India', NULL, 0, NULL, NULL, NULL),
('0966986105', NULL, NULL, 'Prescription for Terror', NULL, 0, NULL, NULL, NULL),
('0971880107', NULL, NULL, 'Wild Animus', NULL, 0, NULL, NULL, NULL),
('1414035004', NULL, NULL, 'The Adventures of Drew and Ellie: The Magical Dress', NULL, 0, NULL, NULL, NULL),
('1552041778', NULL, NULL, 'Jane Doe', NULL, 0, NULL, NULL, NULL),
('1558746218', NULL, 'Chicken Soup for the Soul Series', 'A Second Chicken Soup for the Woman\'s Soul', NULL, 0, NULL, NULL, NULL),
('1567407781', NULL, 'Amos Walker Mystery Series', 'The Witchfinder', NULL, 0, NULL, NULL, NULL),
('1569871213', NULL, NULL, 'Black Beauty (Illustrated Classics)', NULL, 0, NULL, NULL, NULL),
('1575663937', NULL, NULL, 'More Cunning Than Man: A Social History of Rats and Man', NULL, 0, NULL, NULL, NULL),
('1841721522', NULL, NULL, 'New Vegetarian: Bold and Beautiful Recipes for Every Occasion', NULL, 0, NULL, NULL, NULL),
('1853260053', NULL, NULL, 'Tess of the D\'Urbervilles (Wordsworth Classics)', NULL, 0, NULL, NULL, NULL),
('1853262404', NULL, NULL, 'Heart of Darkness (Wordsworth Collection)', NULL, 0, NULL, NULL, NULL),
('1881320189', NULL, NULL, 'Goodbye to the Buttermilk Sky', NULL, 0, NULL, NULL, NULL),
('2070423204', NULL, NULL, 'Lieux dits', NULL, 0, NULL, NULL, NULL),
('3404921038', NULL, NULL, 'Wie Barney es sieht.', NULL, 0, NULL, NULL, NULL),
('3442353866', NULL, NULL, 'Der Fluch der Kaiserin. Ein Richter- Di- Roman.', NULL, 0, NULL, NULL, NULL),
('3442410665', NULL, NULL, 'Sturmzeit. Roman.', NULL, 0, NULL, NULL, NULL),
('3442446937', NULL, NULL, 'Tage der Unschuld.', NULL, 0, NULL, NULL, NULL);

--
-- Dumping data for table `bookshelf`
--

INSERT INTO `bookshelf` (`id`, `width`, `height`, `depth`, `shelves_number`, `sorting`) VALUES
('1', 70, 120, 30, 3, 'title');

--
-- Dumping data for table `book_author`
--

INSERT INTO `book_author` (`book_id`, `author_id`) VALUES
('0002005018', 2),
('0060168013', 39),
('0060177586', 82),
('0060914068', 52),
('0060930365', 81),
('0060938412', 69),
('0060973129', 3),
('0061076031', 24),
('0061099686', 43),
('0071416331', 83),
('0140067477', 70),
('0156047624', 53),
('0195153448', 1),
('0245542957', 54),
('0312252617', 89),
('0312261594', 90),
('0312970242', 66),
('0316748641', 91),
('0316769487', 86),
('0316973742', 92),
('0340767936', 79),
('0345260317', 62),
('0345402871', 28),
('0345417623', 28),
('0345465083', 38),
('0374157065', 4),
('0375406328', 36),
('0375410538', 76),
('0375509038', 84),
('0375759778', 30),
('0380715899', 55),
('038078243X', 40),
('0393045218', 5),
('0394743741', 63),
('0394895894', 74),
('0399135782', 6),
('042511774X', 64),
('0425163091', 31),
('0425176428', 7),
('0425182908', 47),
('042518630X', 48),
('0439095026', 25),
('0440223571', 49),
('0440225701', 19),
('0440234743', 19),
('0441783589', 73),
('0446310786', 37),
('0449005615', 38),
('0451625889', 71),
('0452264464', 20),
('0553062042', 85),
('055321215X', 41),
('0553280333', 56),
('0553582747', 46),
('0553582909', 44),
('0609804618', 21),
('0671623249', 59),
('067176537X', 42),
('0671867156', 45),
('0671870432', 8),
('0671888587', 45),
('0679425608', 9),
('0679429220', 88),
('0679810307', 60),
('0679865691', 60),
('0684823802', 29),
('0689821166', 26),
('074322678X', 10),
('0743403843', 80),
('0771074670', 11),
('0804106304', 6),
('080652121X', 12),
('0812523873', 50),
('0842342702', 51),
('087113375X', 78),
('0887841740', 13),
('0961769947', 57),
('0964778319', 58),
('0966986105', 77),
('0971880107', 27),
('1414035004', 68),
('1552041778', 14),
('1558531025', 72),
('1558746218', 15),
('1567407781', 16),
('1569871213', 75),
('1575663937', 17),
('1841721522', 22),
('1853260053', 67),
('1853262404', 65),
('1879384493', 23),
('1881320189', 18),
('2070423204', 61),
('3404921038', 32),
('3442353866', 33),
('3442410665', 34),
('3442446937', 35),
('8445071408', 87),
('8445071769', 87),
('8445071777', 87);

--
-- Dumping data for table `book_in_shelf`
--

INSERT INTO `book_in_shelf` (`book_id`, `bookshelf_id`, `shelf_number`, `shelf_position`) VALUES
('0001010565', 1, 0, 5),
('0001046438', 1, 0, 3),
('0001046713', 1, 0, 14),
('0001046934', 1, 0, 13),
('0001047213', 1, 0, 12),
('0001047973', 1, 0, 0),
('000104799X', 1, 0, 6),
('0001048082', 1, 0, 4),
('0001048473', 1, 0, 7),
('0001052039', 1, 0, 2),
('0001053736', 1, 0, 11),
('0001053744', 1, 0, 10),
('0001055607', 1, 0, 1),
('000123207X', 1, 0, 8),
('0001232088', 1, 0, 9);

--
-- Dumping data for table `cover`
--

INSERT INTO `cover` (`id`, `image_path`, `book_id`) VALUES
(1, 'http://images.amazon.com/images/P/0195153448.01.LZZZZZZZ.jpg', '0195153448'),
(2, 'http://images.amazon.com/images/P/0002005018.01.LZZZZZZZ.jpg', '0002005018'),
(3, 'http://images.amazon.com/images/P/0060973129.01.LZZZZZZZ.jpg', '0060973129'),
(4, 'http://images.amazon.com/images/P/0374157065.01.LZZZZZZZ.jpg', '0374157065'),
(5, 'http://images.amazon.com/images/P/0393045218.01.LZZZZZZZ.jpg', '0393045218'),
(6, 'http://images.amazon.com/images/P/0399135782.01.LZZZZZZZ.jpg', '0399135782'),
(7, 'http://images.amazon.com/images/P/0425176428.01.LZZZZZZZ.jpg', '0425176428'),
(8, 'http://images.amazon.com/images/P/0671870432.01.LZZZZZZZ.jpg', '0671870432'),
(9, 'http://images.amazon.com/images/P/0679425608.01.LZZZZZZZ.jpg', '0679425608'),
(10, 'http://images.amazon.com/images/P/074322678X.01.LZZZZZZZ.jpg', '074322678X'),
(11, 'http://images.amazon.com/images/P/0771074670.01.LZZZZZZZ.jpg', '0771074670'),
(12, 'http://images.amazon.com/images/P/080652121X.01.LZZZZZZZ.jpg', '080652121X'),
(13, 'http://images.amazon.com/images/P/0887841740.01.LZZZZZZZ.jpg', '0887841740'),
(14, 'http://images.amazon.com/images/P/1552041778.01.LZZZZZZZ.jpg', '1552041778'),
(15, 'http://images.amazon.com/images/P/1558746218.01.LZZZZZZZ.jpg', '1558746218'),
(16, 'http://images.amazon.com/images/P/1567407781.01.LZZZZZZZ.jpg', '1567407781'),
(17, 'http://images.amazon.com/images/P/1575663937.01.LZZZZZZZ.jpg', '1575663937'),
(18, 'http://images.amazon.com/images/P/1881320189.01.LZZZZZZZ.jpg', '1881320189'),
(19, 'http://images.amazon.com/images/P/0440234743.01.LZZZZZZZ.jpg', '0440234743'),
(20, 'http://images.amazon.com/images/P/0452264464.01.LZZZZZZZ.jpg', '0452264464'),
(21, 'http://images.amazon.com/images/P/0609804618.01.LZZZZZZZ.jpg', '0609804618'),
(22, 'http://images.amazon.com/images/P/1841721522.01.LZZZZZZZ.jpg', '1841721522'),
(23, 'http://images.amazon.com/images/P/1879384493.01.LZZZZZZZ.jpg', '1879384493'),
(24, 'http://images.amazon.com/images/P/0061076031.01.LZZZZZZZ.jpg', '0061076031'),
(25, 'http://images.amazon.com/images/P/0439095026.01.LZZZZZZZ.jpg', '0439095026'),
(26, 'http://images.amazon.com/images/P/0689821166.01.LZZZZZZZ.jpg', '0689821166'),
(27, 'http://images.amazon.com/images/P/0971880107.01.LZZZZZZZ.jpg', '0971880107'),
(28, 'http://images.amazon.com/images/P/0345402871.01.LZZZZZZZ.jpg', '0345402871'),
(29, 'http://images.amazon.com/images/P/0345417623.01.LZZZZZZZ.jpg', '0345417623'),
(30, 'http://images.amazon.com/images/P/0684823802.01.LZZZZZZZ.jpg', '0684823802'),
(31, 'http://images.amazon.com/images/P/0375759778.01.LZZZZZZZ.jpg', '0375759778'),
(32, 'http://images.amazon.com/images/P/0425163091.01.LZZZZZZZ.jpg', '0425163091'),
(33, 'http://images.amazon.com/images/P/3404921038.01.LZZZZZZZ.jpg', '3404921038'),
(34, 'http://images.amazon.com/images/P/3442353866.01.LZZZZZZZ.jpg', '3442353866'),
(35, 'http://images.amazon.com/images/P/3442410665.01.LZZZZZZZ.jpg', '3442410665'),
(36, 'http://images.amazon.com/images/P/3442446937.01.LZZZZZZZ.jpg', '3442446937'),
(37, 'http://images.amazon.com/images/P/0375406328.01.LZZZZZZZ.jpg', '0375406328'),
(38, 'http://images.amazon.com/images/P/0446310786.01.LZZZZZZZ.jpg', '0446310786'),
(39, 'http://images.amazon.com/images/P/0449005615.01.LZZZZZZZ.jpg', '0449005615'),
(40, 'http://images.amazon.com/images/P/0060168013.01.LZZZZZZZ.jpg', '0060168013'),
(41, 'http://images.amazon.com/images/P/038078243X.01.LZZZZZZZ.jpg', '038078243X'),
(42, 'http://images.amazon.com/images/P/055321215X.01.LZZZZZZZ.jpg', '055321215X'),
(43, 'http://images.amazon.com/images/P/067176537X.01.LZZZZZZZ.jpg', '067176537X'),
(44, 'http://images.amazon.com/images/P/0061099686.01.LZZZZZZZ.jpg', '0061099686'),
(45, 'http://images.amazon.com/images/P/0553582909.01.LZZZZZZZ.jpg', '0553582909'),
(46, 'http://images.amazon.com/images/P/0671888587.01.LZZZZZZZ.jpg', '0671888587'),
(47, 'http://images.amazon.com/images/P/0553582747.01.LZZZZZZZ.jpg', '0553582747'),
(48, 'http://images.amazon.com/images/P/0425182908.01.LZZZZZZZ.jpg', '0425182908'),
(49, 'http://images.amazon.com/images/P/042518630X.01.LZZZZZZZ.jpg', '042518630X'),
(50, 'http://images.amazon.com/images/P/0440223571.01.LZZZZZZZ.jpg', '0440223571'),
(51, 'http://images.amazon.com/images/P/0812523873.01.LZZZZZZZ.jpg', '0812523873'),
(52, 'http://images.amazon.com/images/P/0842342702.01.LZZZZZZZ.jpg', '0842342702'),
(53, 'http://images.amazon.com/images/P/0440225701.01.LZZZZZZZ.jpg', '0440225701'),
(54, 'http://images.amazon.com/images/P/0060914068.01.LZZZZZZZ.jpg', '0060914068'),
(55, 'http://images.amazon.com/images/P/0156047624.01.LZZZZZZZ.jpg', '0156047624'),
(56, 'http://images.amazon.com/images/P/0245542957.01.LZZZZZZZ.jpg', '0245542957'),
(57, 'http://images.amazon.com/images/P/0380715899.01.LZZZZZZZ.jpg', '0380715899'),
(58, 'http://images.amazon.com/images/P/0553280333.01.LZZZZZZZ.jpg', '0553280333'),
(59, 'http://images.amazon.com/images/P/0961769947.01.LZZZZZZZ.jpg', '0961769947'),
(60, 'http://images.amazon.com/images/P/0964778319.01.LZZZZZZZ.jpg', '0964778319'),
(61, 'http://images.amazon.com/images/P/0671623249.01.LZZZZZZZ.jpg', '0671623249'),
(62, 'http://images.amazon.com/images/P/0679810307.01.LZZZZZZZ.jpg', '0679810307'),
(63, 'http://images.amazon.com/images/P/0679865691.01.LZZZZZZZ.jpg', '0679865691'),
(64, 'http://images.amazon.com/images/P/2070423204.01.LZZZZZZZ.jpg', '2070423204'),
(65, 'http://images.amazon.com/images/P/0345260317.01.LZZZZZZZ.jpg', '0345260317'),
(66, 'http://images.amazon.com/images/P/0394743741.01.LZZZZZZZ.jpg', '0394743741'),
(67, 'http://images.amazon.com/images/P/042511774X.01.LZZZZZZZ.jpg', '042511774X'),
(68, 'http://images.amazon.com/images/P/0804106304.01.LZZZZZZZ.jpg', '0804106304'),
(69, 'http://images.amazon.com/images/P/1853262404.01.LZZZZZZZ.jpg', '1853262404'),
(70, 'http://images.amazon.com/images/P/0312970242.01.LZZZZZZZ.jpg', '0312970242'),
(71, 'http://images.amazon.com/images/P/1853260053.01.LZZZZZZZ.jpg', '1853260053'),
(72, 'http://images.amazon.com/images/P/1414035004.01.LZZZZZZZ.jpg', '1414035004'),
(73, 'http://images.amazon.com/images/P/0060938412.01.LZZZZZZZ.jpg', '0060938412'),
(74, 'http://images.amazon.com/images/P/0140067477.01.LZZZZZZZ.jpg', '0140067477'),
(75, 'http://images.amazon.com/images/P/0345465083.01.LZZZZZZZ.jpg', '0345465083'),
(76, 'http://images.amazon.com/images/P/0451625889.01.LZZZZZZZ.jpg', '0451625889'),
(77, 'http://images.amazon.com/images/P/1558531025.01.LZZZZZZZ.jpg', '1558531025'),
(78, 'http://images.amazon.com/images/P/0441783589.01.LZZZZZZZ.jpg', '0441783589'),
(79, 'http://images.amazon.com/images/P/0394895894.01.LZZZZZZZ.jpg', '0394895894'),
(80, 'http://images.amazon.com/images/P/1569871213.01.LZZZZZZZ.jpg', '1569871213'),
(81, 'http://images.amazon.com/images/P/0375410538.01.LZZZZZZZ.jpg', '0375410538'),
(82, 'http://images.amazon.com/images/P/0966986105.01.LZZZZZZZ.jpg', '0966986105'),
(83, 'http://images.amazon.com/images/P/087113375X.01.LZZZZZZZ.jpg', '087113375X'),
(84, 'http://images.amazon.com/images/P/0340767936.01.LZZZZZZZ.jpg', '0340767936'),
(85, 'http://images.amazon.com/images/P/0743403843.01.LZZZZZZZ.jpg', '0743403843'),
(86, 'http://images.amazon.com/images/P/0060930365.01.LZZZZZZZ.jpg', '0060930365'),
(87, 'http://images.amazon.com/images/P/0060177586.01.LZZZZZZZ.jpg', '0060177586'),
(88, 'http://images.amazon.com/images/P/0071416331.01.LZZZZZZZ.jpg', '0071416331'),
(89, 'http://images.amazon.com/images/P/0375509038.01.LZZZZZZZ.jpg', '0375509038'),
(90, 'http://images.amazon.com/images/P/0553062042.01.LZZZZZZZ.jpg', '0553062042'),
(91, 'http://images.amazon.com/images/P/0316769487.01.LZZZZZZZ.jpg', '0316769487'),
(92, 'http://images.amazon.com/images/P/8445071408.01.LZZZZZZZ.jpg', '8445071408'),
(93, 'http://images.amazon.com/images/P/8445071769.01.LZZZZZZZ.jpg', '8445071769'),
(94, 'http://images.amazon.com/images/P/8445071777.01.LZZZZZZZ.jpg', '8445071777'),
(95, 'http://images.amazon.com/images/P/0679429220.01.LZZZZZZZ.jpg', '0679429220'),
(96, 'http://images.amazon.com/images/P/0671867156.01.LZZZZZZZ.jpg', '0671867156'),
(97, 'http://images.amazon.com/images/P/0312252617.01.LZZZZZZZ.jpg', '0312252617'),
(98, 'http://images.amazon.com/images/P/0312261594.01.LZZZZZZZ.jpg', '0312261594'),
(99, 'http://images.amazon.com/images/P/0316748641.01.LZZZZZZZ.jpg', '0316748641'),
(100, 'http://images.amazon.com/images/P/0316973742.01.LZZZZZZZ.jpg', '0316973742');

--
-- Dumping data for table `genre`
--

INSERT INTO `genre` (`id`, `genre`) VALUES
(1, 'Fantasy'),
(2, 'Science Fiction');

--
-- Dumping data for table `language`
--

INSERT INTO `language` (`id`, `lang`) VALUES
(1, 'EN'),
(2, 'FR');

--
-- Dumping data for table `user`
--

INSERT INTO `user` (`id`, `username`, `password`, `email`, `phone`, `token`, `classification`, `settings_language_id`, `reading_language_id`, `bookshelf_id`) VALUES
(1, 'test', '3c9909afec25354d551dae21590bb26e38d53f2173b8d3dc3eee4c047e7ab1c1eb8b85103e3be7ba613b31bb5c9c36214dc9f14a42fd7a2fdb84856bca5c44c2', 'email@email.com', NULL, '19208310', 'author', 1, 1, '1'),
(2, 'test2', 'fb3a3cd75de4a128b42d157a18d786f88601982943b9dfb1766ffc05d6fd550c9510742dc57174b9a1a5e21ec6c5186c8bc6da97c479fe4b26ea458dc869dfa2', '123@email.ecl', NULL, NULL, 'none', NULL, NULL, NULL),
(3, 'test3', 'fb3a3cd75de4a128b42d157a18d786f88601982943b9dfb1766ffc05d6fd550c9510742dc57174b9a1a5e21ec6c5186c8bc6da97c479fe4b26ea458dc869dfa2', '1234@email.ecl', NULL, NULL, 'none', NULL, NULL, NULL),
(4, 'test4', 'fb3a3cd75de4a128b42d157a18d786f88601982943b9dfb1766ffc05d6fd550c9510742dc57174b9a1a5e21ec6c5186c8bc6da97c479fe4b26ea458dc869dfa2', '12345@email.ecl', NULL, NULL, 'none', NULL, NULL, NULL),
(5, 'test123', 'fb3a3cd75de4a128b42d157a18d786f88601982943b9dfb1766ffc05d6fd550c9510742dc57174b9a1a5e21ec6c5186c8bc6da97c479fe4b26ea458dc869dfa2', '12345ยง@email.ecl', NULL, NULL, 'none', NULL, NULL, NULL);
COMMIT;

/*!40101 SET CHARACTER_SET_CLIENT=@OLD_CHARACTER_SET_CLIENT */;
/*!40101 SET CHARACTER_SET_RESULTS=@OLD_CHARACTER_SET_RESULTS */;
/*!40101 SET COLLATION_CONNECTION=@OLD_COLLATION_CONNECTION */;
